,Title,Author,Type,Date Added,Available,Borrower,Borrow Date,Due Date,Times Borrowed,Donor
0,AL-HAYTHAM,Teh Sharifuddin and M. Razak Al-Aidrus,Islamic Biography,2021-10-18 00:00:00.000000,yes,,,,0.0,Natasha Khan
1,Anokha Sukhy,Ashfaq Ahsamad Khan,Fiction,2021-10-18 00:00:00.000000,yes,,,,0.0,Natasha Khan
2,Choti Choti Kali Kali Machlian,Kashfa Samad,Short Story,2021-10-18 00:00:00.000000,yes,,,,0.0,Natasha Khan
3,Khali Bhari Kitab,Sami Mustafa,Short Story,2021-10-18 00:00:00.000000,yes,,,,0.0,Natasha Khan
4,Hazrat Idrees Aur Farishtay Say Dosti,Asiah Saher,Islamic History,2021-10-18 00:00:00.000000,yes,,,,0.0,Natasha Khan
5,Hazrat Hood Aur Kaumi Aad,Asiah Saher,Islamic History,2021-10-18 00:00:00.000000,yes,,,,0.0,Natasha Khan
6,Hazrat Hood Aur Kaumi Shudad,Asiah Saher,Islamic History,2021-10-18 00:00:00.000000,yes,,,,0.0,Natasha Khan
7,Hazrat Adam Habeel Aur Qabeel Ki Qurbani,Asiah Saher,Islamic History,2021-10-18 00:00:00.000000,yes,,,,0.0,Natasha Khan
8,Lesson Well Learnt,Roohi Haq,Short Story,2021-10-18 00:00:00.000000,yes,,,,0.0,Natasha Khan
9,Hazrat Idrees Aur Un Ki Paidaish,Asiah Saher,Islamic History,2021-10-18 00:00:00.000000,yes,,,,0.0,Natasha Khan
10,Muhawaray Aur Zurab Aala Misal,"Khalida Afsar, Kashfa Samad & Rakhshee Niazi",Book of Idioms,2021-10-18 00:00:00.000000,yes,,,,0.0,Natasha Khan
11,Ibn Alheesham,Taha Sharif Aldeen and Muhammad Razaq Aldrees,Biography,2021-10-18 00:00:00.000000,yes,,,,0.0,Natasha Khan
12,Hazrat Shees Aur Un Ki Paidaih,Asiah Saher,Islamic History,2021-10-18 00:00:00.000000,yes,,,,0.0,Natasha Khan
13,Tota Buqri... Aur Hum,Bookgroup,Short Story,2021-10-18 00:00:00.000000,yes,,,,0.0,Natasha Khan
14,Jugnoo,Amra Alam,Short Story,2021-10-18 00:00:00.000000,yes,,,,0.0,Natasha Khan
15,Hazrat Adam Aur Shaitan Ka Intaqam,Asiah Saher,Islamic History,2021-10-18 00:00:00.000000,yes,,,,0.0,Natasha Khan
16,Lattoo Mattoo and Biloongra,Alezah Rauf and Asab Mian,Short Story,2021-10-18 00:00:00.000000,yes,,,,0.0,Natasha Khan
17,Mitee Kay Khilonay,Saira Karim,Short Story,2021-10-18 00:00:00.000000,yes,,,,0.0,Natasha Khan
18,Biloongra and Bichoongra,Saamia F.Khan and Bushra F.Khan,Short Story,2021-10-18 00:00:00.000000,yes,,,,0.0,Natasha Khan
19,Shahzain Ka Bagh,Rakhshee Niazi,Short Story,2021-10-18 00:00:00.000000,yes,,,,0.0,Natasha Khan
20,Humaray Bachon Kay Liay Achee Kahanian,Shahidah Tubsum,Short Stories,2021-10-18 00:00:00.000000,yes,,,,0.0,Natasha Khan
21,Busant,Bookgroup,Short Stories,2021-10-18 00:00:00.000000,yes,,,,0.0,Natasha Khan
22,Aiay Maloom Karain Aoaz Kya Hay,Ferozsons PVT LTD,Short Stories,2021-10-18 00:00:00.000000,yes,,,,0.0,Natasha Khan
23,Khail Khilonay,"Mariam Sheera, Fozia Rozwan, Shehla Mauroof, Nasreen Baqir, Naheed Hassan, Yasmeen Zehdi, Tobi Riyaz, Aamirah Aalim andGhalim Abbas",Short Stories,2021-10-18 00:00:00.000000,yes,,,,0.0,Natasha Khan
24,Hazrat Nooh Aur Toofan,Asiah Saher,Islamic History,2021-10-18 00:00:00.000000,yes,,,,0.0,Natasha Khan
25,Abid Ki Toba,Paramount Books,Short Story,2021-10-18 00:00:00.000000,yes,,,,0.0,Natasha Khan
26,Abhi Butao Jaldi Batao,Bookgroup,Short Story,2021-10-18 00:00:00.000000,yes,,,,0.0,Natasha Khan
27,Sharmata Jata,Amra Alam,Short Story,2021-10-18 00:00:00.000000,yes,,,,0.0,Natasha Khan
28,Khail Khail Main,Bookgroup,Short Story,2021-10-18 00:00:00.000000,yes,,,,0.0,Natasha Khan
29,Koi Baat Nuhien,Atiya Naqvi,Short Story,2021-10-18 00:00:00.000000,yes,,,,0.0,Natasha Khan
30,Mein Kaun Hoon,"Kashfa Samad, Jacqueline Mirza, Arshia Usmani, Irum Kazmi and Rakhshee Niazi",Short Story,2021-10-18 00:00:00.000000,yes,,,,0.0,Natasha Khan
31,Hazrat Hazqeel,Asiah Saher,Islamic History,2021-10-18 00:00:00.000000,yes,,,,0.0,Natasha Khan
32,Muktar Aur Makhi,Paramount Books,Short Story,2021-10-18 00:00:00.000000,yes,,,,0.0,Natasha Khan
33,Jhoot Moot Ki Kahani,Bookgroup,Short Story,2021-10-18 00:00:00.000000,yes,,,,0.0,Natasha Khan
34,Biloongra had a toothache,Samia Khan & Bushra Khan,Short Story,2021-10-18 00:00:00.000000,yes,,,,0.0,Natasha Khan
35,Hazrat Adam Aur Un Ki Wafat,Asiah Saher,Islamic History,2021-10-18 00:00:00.000000,yes,,,,0.0,Natasha Khan
36,Hazrat Salehi Aur Qomi Sumood,Asiah Saher,Islamic History,2021-10-18 00:00:00.000000,yes,,,,0.0,Natasha Khan
37,Yay Aur Woh,Ghazala Nomani,Short Story,2021-10-18 00:00:00.000000,yes,,,,0.0,Natasha Khan
38,Khoshbo,Kashfa Samad,Short Story,2021-10-18 00:00:00.000000,yes,,,,0.0,Natasha Khan
39,Hazrat Adam Aur Hazrat Hawa Ki Paidaish,Asiah Saher,Islamic History,2021-10-18 00:00:00.000000,yes,,,,0.0,Natasha Khan
40,Ami Ka Doputa,Daanish Mustafa,Short Story,2021-10-18 00:00:00.000000,yes,,,,0.0,Natasha Khan
41,Tou Tou Mien Mien,Sami Mustafa,Short Story,2021-10-18 00:00:00.000000,yes,,,,0.0,Natasha Khan
42,Chalo Dekhtay Hain,Amra Alam & Alia Chinay,Short Story,2021-10-18 00:00:00.000000,yes,,,,0.0,Natasha Khan
43,Uql Mund Larka,Paramount Books,Short Story,2021-10-18 00:00:00.000000,yes,,,,0.0,Natasha Khan
44,Soorj Mukhi,Samina Raza,Short Story,2021-10-18 00:00:00.000000,yes,,,,0.0,Natasha Khan
45,Machli Ko Tairna Acha Lagta Hay Chirya Ko Urna Saanp Ko Raingna Acha Lagta Hay Hirun Ko Dorna,Amra Alam,Short Story,2021-10-18 00:00:00.000000,yes,,,,0.0,Natasha Khan
46,Maulvi Fazl-ul-Haq,Dr. Mahmood Al-Rehman,Biography,2021-10-18 00:00:00.000000,yes,,,,0.0,Natasha Khan
47,Allama Iqbal Ki Nazmien,Allama Iqbal,Poetry,2021-10-18 00:00:00.000000,yes,,,,0.0,Natasha Khan
48,Interesting Poems of Birds,Ufq Dehlvi,Poetry,2021-10-18 00:00:00.000000,yes,,,,0.0,Natasha Khan
49,Huvai Juhaz,Bookgroup,History,2021-10-18 00:00:00.000000,yes,,,,0.0,Natasha Khan
50,Dinosaur,Bookgroup,Short Story,2021-10-18 00:00:00.000000,yes,,,,0.0,Natasha Khan
51,Shuraratein,Bookgroup,Short Stories,2021-10-18 00:00:00.000000,yes,,,,0.0,Natasha Khan
52,Neeli Chatri Lal Laal Anar,Khadija Akbar,Short Story,2021-10-18 00:00:00.000000,yes,,,,0.0,Natasha Khan
53,Sunrise Starters Ibtadai Urdu 1,Sunrise,Worksheets,2021-10-18 00:00:00.000000,yes,,,,0.0,Natasha Khan
54,Sunrise Starters Ibtidai Urdu 2,Sunrise,Worksheets,2021-10-18 00:00:00.000000,yes,,,,0.0,Natasha Khan
55,Ikhlaqi Zaoeeay Nai Nasl Kay Liay,Prof. Muhammad Rafiq,Manners and Culture,2021-10-18 00:00:00.000000,yes,,,,0.0,Natasha Khan
56,Zara Chand Ko Chakh Kay Dakho,Jacqueline Mirza,Short Story,2021-10-18 00:00:00.000000,yes,,,,0.0,Natasha Khan
57,Meethay Rang,"Urooj Ahmed, Tooba Akhtar, Qirat Baber, Zainab Dar, Anam Moosaji & Raizan Rehan",Short Story,2021-10-18 00:00:00.000000,yes,,,,0.0,Natasha Khan
58,Hazrat Salehi Aur Un Ki Ountni,Asiah Saher,Islamic History,2021-10-18 00:00:00.000000,yes,,,,0.0,Natasha Khan
59,Hazrat Adam Qabeel Bana Qatil,Asiah Saher,Islamic History,2021-10-18 00:00:00.000000,yes,,,,0.0,Natasha Khan
60,Hazrat Adam Aur Un Ki Paidaish,Asiah Saher,Islamic History,2021-10-18 00:00:00.000000,yes,,,,0.0,Natasha Khan
61,Hazrat Nooh Aur Farman Loag,Asiah Saher,Islamic History,2021-10-18 00:00:00.000000,yes,,,,0.0,Natasha Khan
62,Khutay Meethay Falsay,Bookrgoup,Short Story,2021-10-18 00:00:00.000000,yes,,,,0.0,Natasha Khan
63,Tumashay,Bookgroup,Short Stories,2021-10-18 00:00:00.000000,yes,,,,0.0,Natasha Khan
64,Hathee Ka Anda,Imrana Maqsood,Short Story,2021-10-18 00:00:00.000000,yes,,,,0.0,Natasha Khan
65,Gol Gol Ankhon Wala,Amira Alam,Short Story,2021-10-18 00:00:00.000000,yes,,,,0.0,Natasha Khan
66,Huray Kuchooay,Bookgroup,Short Story,2021-10-18 00:00:00.000000,yes,,,,0.0,Natasha Khan
67,Geeli Sookhi Barish,Bookgroup,Short Story,2021-10-18 00:00:00.000000,yes,,,,0.0,Natasha Khan
68,Chonch Aur Choon Choon,Bookgroup,Short Story,2021-10-18 00:00:00.000000,yes,,,,0.0,Natasha Khan
69,Kaam Chor,Boogroup,Short Stories,2021-10-18 00:00:00.000000,yes,,,,0.0,Natasha Khan
70,Paoon Paoon Paoon,Bookgroup,Short Story,2021-10-18 00:00:00.000000,yes,,,,0.0,Natasha Khan
71,Choti Dunya Mairee Dost,Uteeah Shahid,Short Story,2021-10-18 00:00:00.000000,yes,,,,0.0,Natasha Khan
72,Karachi,Rumana Husain,Urban Non-Fiction,2021-10-18 00:00:00.000000,yes,,,,0.0,Natasha Khan
73,Chocolate Factory,Bookgroup,Short Story,2021-10-18 00:00:00.000000,yes,,,,0.0,Natasha Khan
74,Akhtar Mian,Bookgroup,Short Story,2021-10-18 00:00:00.000000,yes,,,,0.0,Natasha Khan
75,Jalaybian (revised edition),Bookgroup,Short Stories,2021-10-18 00:00:00.000000,yes,,,,0.0,Natasha Khan
76,Lohay Kay Ghoray,Nishat Naqvi,Short Story,2021-10-18 00:00:00.000000,yes,,,,0.0,Natasha Khan
77,PayPee Yay Aoaz Kis Ki Hay,Imrana Muqsood,Novel,2021-10-18 00:00:00.000000,yes,,,,0.0,Natasha Khan
78,Umeer Humza Koh Qaf Mien,Muqbool Jahangir,Novel,2021-10-18 00:00:00.000000,yes,,,,0.0,Natasha Khan
79,Ali Baba Chalees Chor,Muhammad Saleem,Short Story,2021-10-18 00:00:00.000000,yes,,,,0.0,Natasha Khan
80,Murdon Ki Sariay,Ay Hameed,Novel,2021-10-18 00:00:00.000000,yes,,,,0.0,Natasha Khan
81,Safaid Uqab,Ay Hameed,Novel,2021-10-18 00:00:00.000000,yes,,,,0.0,Natasha Khan
82,Piaray Nabee Ki Pirari Kahanian,Dr. Abdul Rauf,Islamic History,2021-10-18 00:00:00.000000,yes,,,,0.0,Natasha Khan
83,Alkhoar Zamee,Taha Sharif Al-Din,Biography,2021-10-18 00:00:00.000000,yes,,,,0.0,Natasha Khan
84,Al Zehr Aovy,Taha Sharif Al-Din,Biography,2021-10-18 00:00:00.000000,yes,,,,0.0,Natasha Khan
85,Alkundri,Taha Sharif Al-Din,Biography,2021-10-18 00:00:00.000000,yes,,,,0.0,Natasha Khan
86,Al Beroni,Taha Sharif Al-Din,Biography,2021-10-18 00:00:00.000000,yes,,,,0.0,Natasha Khan
87,Hababar bin Hayat,Taha Sharif Al-Din,Biography,2021-10-18 00:00:00.000000,yes,,,,0.0,Natasha Khan
88,Alkaraji,Taha Sharif Al-Din,Biography,2021-10-18 00:00:00.000000,yes,,,,0.0,Natasha Khan
89,Ul-Ghabeeg,Taha Sharif Al-Din,Biography,2021-10-18 00:00:00.000000,yes,,,,0.0,Natasha Khan
90,Al-Kashi,Taha Sharif Al-Din,Biography,2021-10-18 00:00:00.000000,yes,,,,0.0,Natasha Khan
91,Umar Khayam,Taha Sharif Al-Din,Biography,2021-10-18 00:00:00.000000,yes,,,,0.0,Natasha Khan
92,Al Razi,Taha Sharif Al-Din,Biography,2021-10-18 00:00:00.000000,yes,,,,0.0,Natasha Khan
93,Madad Karo,Paramount Books,Short Story,2021-10-18 00:00:00.000000,yes,,,,0.0,Natasha Khan
94,My Friends,Orange Early Reading Stories,Short Story,2021-10-18 00:00:00.000000,yes,,,,0.0,Natasha Khan
95,Nadir Kay SaathAnkh Muchooli,Mariam Shera,Short Story,2021-10-18 00:00:00.000000,yes,,,,0.0,Natasha Khan
96,Peeto Mian,"Ali Kazmi, Husain Askari & Sanaa Adnan",Short Stories,2021-10-18 00:00:00.000000,yes,,,,0.0,Natasha Khan
97,Numeera Khoshakhtee,Paramount Books,Handwriting Books,2021-10-18 00:00:00.000000,yes,,,,0.0,Natasha Khan
98,Seerat Al Nabi Koiz Bachon Kay Liyay,Al Booamamah,Islamic Workbook,2021-10-18 00:00:00.000000,yes,,,,0.0,Natasha Khan
99,Char Choohay,Sunrise,Urdu Alphabet,2021-10-18 00:00:00.000000,yes,,,,0.0,Natasha Khan
100,Kon Kora,Amra Alam,Short Story,2021-10-18 00:00:00.000000,yes,,,,0.0,Natasha Khan
101,Kis Kis Ka Ghar,Bookgroup,Short Story,2021-10-18 00:00:00.000000,yes,,,,0.0,Natasha Khan
102,Gargat Kahan Hay,Atiya Naqvi,Short Story,2021-10-18 00:00:00.000000,yes,,,,0.0,Natasha Khan
103,Baray Jab Chotay Thay,Sami Mustafa,Short Story,2021-10-18 00:00:00.000000,yes,,,,0.0,Natasha Khan
104,Ghora Gari,Bookgroup,Early Reader,2021-10-18 00:00:00.000000,yes,,,,0.0,Natasha Khan
105,Hum,Aamna Salahuddin,Picture Book,2021-10-18 00:00:00.000000,yes,,,,0.0,Natasha Khan
106,Nidha Kay Nanhay Dost,Farah Iqbal & Kamran Khan,Short Stories,2021-10-18 00:00:00.000000,yes,,,,0.0,Natasha Khan
107,Purosi Kova,Dadi Munir Bano,Short Story,2021-10-18 00:00:00.000000,yes,,,,0.0,Natasha Khan
108,School,Shamsah Khaleel Hassan,Short Story,2021-10-18 00:00:00.000000,yes,,,,0.0,Natasha Khan
109,Bili Aur Choozay,Premier Publishers,Short Story,2021-10-18 00:00:00.000000,yes,,,,0.0,Natasha Khan
110,Nai Tota Kahani,Prof. Muhammad Ali Akbar,Short Story,2021-10-18 00:00:00.000000,yes,,,,0.0,Natasha Khan
111,Paudna Paudni,Sunrise,Short Stories,2021-10-18 00:00:00.000000,yes,,,,0.0,Natasha Khan
112,Mota Bail,Sunrise,Short Stories,2021-10-18 00:00:00.000000,yes,,,,0.0,Natasha Khan
113,Aik Muchar Ki Kahani,Zehra Nigah,Short Story,2021-10-18 00:00:00.000000,yes,,,,0.0,Natasha Khan
114,Kishmish,Bookgroup,Short Story,2021-10-18 00:00:00.000000,yes,,,,0.0,Natasha Khan
115,Lahore Nama,Nayyar Rubab,Urban Non-Fiction,2021-10-18 00:00:00.000000,yes,,,,0.0,Natasha Khan
116,Jhakar,Aamir Aalim,Short Story,2021-10-18 00:00:00.000000,yes,,,,0.0,Natasha Khan
117,Japani Kahiyan,Nishat Naqvi,Short Stories,2021-10-18 00:00:00.000000,yes,,,,0.0,Natasha Khan
118,Koora Kahan Daloon,Ghazala Naumani,Short Story,2021-10-18 00:00:00.000000,yes,,,,0.0,Natasha Khan
119,Pachtawa,Dr. Muhammad Iftikhar Khokhar,Short Story,2021-10-18 00:00:00.000000,yes,,,,0.0,Natasha Khan
120,Meiray Dost,Bookgroup,Short Stories,2021-10-18 00:00:00.000000,yes,,,,0.0,Natasha Khan
121,Char Durvaish Char Kuhaniyan,Abu Amamah,Short Stories,2021-10-18 00:00:00.000000,yes,,,,0.0,Natasha Khan
122,My Eid Mubarik Storybook,Omer Naqi,Short Story,2021-10-19 00:00:00.000000,yes,,,,0.0,Mariam Ahmed
123,Meira Jism Meira Hay,Ashhad Quraishi,Short Story,2021-10-19 00:00:00.000000,yes,,,,0.0,Ashhad Quraishi
124,Meira Jism Meira Hay,Ashhad Quraishi,Short Story,2021-10-19 00:00:00.000000,yes,,,,0.0,Ashhad Quraishi
125,Meira Jism Meira Hay,Ashhad Quraishi,Short Story,2021-10-19 00:00:00.000000,yes,,,,0.0,Ashhad Quraishi
126,The Essential Reader Stories From Pakistan,Naureen Dogar,Biography,2021-12-19 11:08:33.725267,yes,,,,0.0,Misha Umar
127,Gullistani Muzamien,"Prof. Hufeez Siddique, Ata Alrahman Hashmi, Dr. Ahsan Quraishi And Saleem Ahmed Siddiqi",Textbook,2021-12-19 11:12:20.515277,yes,,,,0.0,Misha Umar
128,A Wrinkle In Time,Madeleine L'Engle,Fiction,2021-12-19 11:13:20.560320,no,Fatima,2022-01-09 13:39:36.352357,2022-01-19 00:00:00.000000,1.0,Misha Umar
129,Sharah Bang Dara,Dr. Khwaja Hameedizdani,Poetry,2021-12-19 11:15:43.741761,yes,,,,0.0,Misha Umar
130,Pholjhutri 2,Mashal Waseem,Early Reader,2021-12-19 11:18:55.845280,yes,,,,0.0,Hania Waseem
131,Kaleioscope 3,Simorgh,Textbook,2021-12-19 11:20:15.608516,yes,,,,0.0,Hania Waseem
132,Salaam (islam Ki Teesri Kitab),Nazma Rehman,Islamic Workbook,2021-12-19 11:21:27.168811,yes,,,,0.0,Hania Waseem
133,Nurgis,Oxford University Press,Workbook,2021-12-19 11:22:37.197931,yes,,,,0.0,Hania Waseem
134,Suda Buhar,Oxford University Press,Workbook,2021-12-19 11:23:09.993796,yes,,,,0.0,Hania Waseem
135,Meiri Kitab,Chaudhry Ghulam Rasul,Workbook,2021-12-19 11:24:07.554565,yes,,,,0.0,Hania Waseem
136,Gainda,Oxford University Press,Workbook,2021-12-19 11:24:49.303310,yes,,,,0.0,Hania Waseem
137,Soorj Mukhi Ka Phool Soorj Ki Tarf Mou Kyoon Karta Hay,Mashal Waseem,Early Reader,2021-12-19 11:27:00.442383,yes,,,,0.0,Hania Waseem
138,Urdu 4,New College Publications,Workbook,2021-12-19 11:27:38.394343,yes,,,,0.0,Hania Waseem
139,Phool,Fauzia Ahsan Farooqi,Workbook,2021-12-19 11:28:27.189734,yes,,,,0.0,Hania Waseem
140,Urdu 3,Chaudhry Ghulam Rasul And Sons,Workbook,2021-12-19 11:29:11.434407,yes,,,,0.0,Hania Waseem
141,Meiri Kitab,Punjab Text Book Board Lahore,Workbook,2021-12-19 11:31:10.352633,yes,,,,0.0,Hania Waseem
142,Meina,Mashal Waseem,Early Reader,2021-12-19 11:32:19.475571,yes,,,,0.0,Hania Waseem
143,Dulaisunt Urdu Nuzmein,Hida Academy,Early Reader,2021-12-19 11:33:34.426383,yes,,,,0.0,Hania Waseem
144,Kotul,Mashal Waseem,Early Reader,2021-12-19 11:34:09.456604,yes,,,,0.0,Hania Waseem
145,Purhtay Purhtay,Muhammad Saad,Short Stories,2021-12-19 11:36:18.505997,yes,,,,0.0,Asiyah Jawad
146,Kuhani Kuhani Mein...,Muhammad Ahmad Khan,Short Stories,2021-12-19 11:37:03.692150,yes,,,,0.0,Asiyah Jawad
147,Suno Sunao,Muhammad Saad,Short Stories,2021-12-19 11:38:00.112281,yes,,,,0.0,Asiyah Jawad
148,Bula Unowan,Muhammad Saad,Short Stories,2021-12-19 12:00:49.363830,yes,,,,0.0,Asiyah Jawad
149,Ilm-o-Uml,Muhammad Saad,Short Stories,2021-12-19 12:01:18.941028,yes,,,,0.0,Asiyah Jawad
150,Effective English,Silver Burdett,Workbook,2021-12-19 12:02:09.595754,yes,,,,0.0,Asiyah Jawad
151,Women In Islam,"Sheikh Al - Islam Hadrat Syed, Adul Faiz, Qalandar Ali Suharwardi",Islamic History,2021-12-19 12:03:46.967773,yes,,,,0.0,Asiyah Jawad
152,Gulliver's Travels,Jonathan Swift,Novel,2021-12-19 12:04:45.872238,yes,,,,0.0,Asiyah Jawad
153,Sub Sey Bura Insaan,Syed Nazr Zeydi,Islamic History,2021-12-19 12:06:00.838689,yes,,,,0.0,Asiyah Jawad
154,The Picture Of Dorian Gray,Oscar Wilde,Novel,2021-12-19 12:06:59.368297,yes,,,,0.0,Asiyah Jawad
155,The Adventures Of Tom Sawyer,Mark Twain,Novel,2021-12-19 12:07:52.319855,yes,,,,0.0,Asiyah Jawad
156,David Copperfield,Charles Dickens,Novel,2021-12-19 12:08:50.944393,yes,,,,0.0,Asiyah Jawad
157,Wapsi,Dawta Academy,Short Story,2021-12-19 12:09:32.833874,yes,,,,0.0,Asiyah Jawad
158,Cycle,Dawta Academy,Short Story,2021-12-19 12:10:17.066879,yes,,,,0.0,Asiyah Jawad
159,Teen Dost,Dawta Academy,Short Story,2021-12-19 12:11:01.628008,yes,,,,0.0,Asiyah Jawad
160,Muchundri Ki Nirali Mouchein,Mushraf Ali Farooqi,Novel,2021-12-19 12:12:58.885043,yes,,,,0.0,Asiyah Jawad
161,Aik Thi Lali Aur Aik Tha Kuwa,Zahid Hassan,Novel,2021-12-19 12:14:05.633045,no,Amir,2022-01-09 13:40:40.633300,2022-01-19 13:40:40.633300,1.0,Asiyah Jawad
162,Buka Mahinama Noor Lahore,Mehum Joaiy,Novel,2021-12-19 12:15:54.957812,yes,,,,0.0,Asiyah Jawad
163,Ladybird Pocket Dictionary,Ladybird,Dictionary,2021-12-19 12:16:41.440784,yes,,,,0.0,Asiyah Jawad
164,The Incredible Clay Book,Sherri Haab & Laura Torres,Arts & Crafts,2021-12-19 12:18:08.634029,yes,,,,0.0,Asiyah Jawad
165,The Ifficial RSPCA Pet Guide: Care for Your Rabbit,Harper Collins,Pet Care,2021-12-19 12:19:47.427956,yes,,,,0.0,Asiyah Jawad
166,Mila Nasr-ul-din Kay Lateefay,Sayed Saeed Ahmed,Poetry,2021-12-19 12:21:53.299097,yes,,,,0.0,Asiyah Jawad
167,Piaray Nabi Ki Piari Kuhanian,Dr. Abdul Rauf,Islamic History,2021-12-19 12:23:04.998559,yes,,,,0.0,Asiyah Jawad
168,Beavers: Skillful Dam Constructors,Harun Yahya,Wildlife,2021-12-19 12:24:04.731153,yes,,,,0.0,Asiyah Jawad
169,Zungeela Geedur Aur Doosree Kuhaniyan,Mehdi Azrizdi & Tehseen Furaqi,Short Stories,2021-12-19 12:26:28.804899,yes,,,,0.0,Asiyah Jawad
170,Mystery Ofthe Sacred Stones,Louise Munro Foley,Choose Your Own Adventure & Fiction,2021-12-19 12:27:56.099122,yes,,,,0.0,Asiyah Jawad
175,Shakespear Macbeth,New Kitab Mahal,Play,2021-11-13 21:53:39.641292,yes,,,,0.0,B. Brooke
176,Seniors,R.L.Stine,Novel,2021-11-13 21:54:39.433021,yes,,,,0.0,B. Brooke
177,Oxford Reading Circle,Nicholas Horsburgh,English Reading Book,2021-11-13 21:56:25.703156,yes,,,,0.0,B. Brooke
178,Oxford Reading Circle,Nicholas Horsburg,English Reading Book,2021-11-13 21:57:41.447542,yes,,,,0.0,B. Brooke
179,Senoirs No Answer,R.L.Stine,Novel,2021-11-13 21:58:30.164372,yes,,,,0.0,B. Brooke
180,The History Of Islam,Akbar Shah Najeebabadi,Historic Book,2021-11-13 21:59:16.612115,yes,,,,0.0,B. Brooke
181,The Oxford Illustrated Junior Dictionary,"Rosemary Sansome, Dee Reid, Alan Spooner",Dictionary,2021-11-13 22:01:00.147973,yes,,,,0.0,B. Brooke
182,Logat Al Quran,Shaheen Air,Quran Quiyda,2021-11-13 22:02:14.263281,yes,,,,0.0,B. Brooke
183,PAF ,"Muhammad Younas, Muhammad Waris",Workbook,2021-11-13 22:03:17.782313,yes,,,,0.0,B. Brooke
184,Quaid-i-Azam Speaks His Vision Of Pakistan,Quaid-i-Azam Academy,Short Story,2021-11-13 22:04:38.815779,yes,,,,0.0,B. Brooke
185,The Hunchback Of Notre Dame,Michael Teitelbaum,Early Reader,2021-11-13 22:05:51.958517,yes,,,,0.0,B. Brooke
186,Pooh Winnie The Pooh And The Honey Tree,Little Golden Book,Short Story,2021-11-13 22:07:07.983188,yes,,,,0.0,B. Brooke
187,Riyad-us-saliheen Volume One,Al-Imam Abu Zakariya,Translated Book,2021-11-13 22:08:25.851325,yes,,,,0.0,B. Brooke
188,Fear Street,R.L.Stine,Novel,2021-11-13 22:09:36.179789,yes,,,,0.0,B. Brooke
189,Word Perfect Spelling Book Three,Ronald Ridout,Spelling Book,2021-11-13 22:10:34.227916,yes,,,,0.0,B. Brooke
190,Will Solvit And The Cannibal Cavemen,Zero Storm,Short Story,2021-11-13 22:12:08.615302,yes,,,,0.0,B. Brooke
191,Will Solvit And The Battle Of The Ninjas,Zero Storm,Short Story,2021-11-13 22:13:07.678593,yes,,,,0.0,B. Brooke
192,The Dargonesti,"Paul B Thompsom, Tonya Cook",Short Story,2021-11-13 22:14:20.565122,yes,,,,0.0,B. Brooke
193,Islami Tarzi Faker,Adil Salami,Short Story,2021-11-13 22:15:09.324125,yes,,,,0.0,B. Brooke
194,Sachi Kahaniyan,Islami Kitabiyn,Short Story,2021-11-13 22:15:56.808488,yes,,,,0.0,B. Brooke
195,The Drowning Pool,Paul Collins,Short Story,2021-11-13 22:16:50.824963,yes,,,,0.0,B. Brooke
196,Pirates Of The Caribbean Jack Sparron The Pirate Chase,Rob Kidd,Short Story,2021-11-13 22:17:56.880460,yes,,,,0.0,B. Brooke
197,Isan Arbi Grammer,Lotuf Ilrgman Khan,Short Story,2021-11-13 22:19:22.179767,yes,,,,0.0,B. Brooke
198,The Little Mermaid,Usbrone Paperbacks,Short Story,2021-11-13 22:20:04.459546,yes,,,,0.0,B. Brooke
199,Mulan,Gina Ingoglia,Short Story,2021-11-13 22:21:10.273078,yes,,,,0.0,B. Brooke
200,Village In The Snow,"Roderick Hunt, Alex Brychta",Short Story,2021-11-13 22:24:58.595246,yes,,,,0.0,Fatima Said
201,Snow White,Moonglow books,Coloring Book,2021-11-13 22:25:28.237902,yes,,,,0.0,Fatima Said
202,Tweety,Moonglow books,Coloring Book,2021-11-13 22:26:09.371376,yes,,,,0.0,Fatima Said
203,Rio,Moonglow books,Coloring Book,2021-11-13 22:26:28.698322,yes,,,,0.0,Fatima Said
204,Barbie,Moonglow books,Coloring Book,2021-11-13 22:26:51.161700,yes,,,,0.0,Fatima Said
205,Snow White,Moonglow books,Coloring Book,2021-11-13 22:27:45.084904,yes,,,,0.0,Fatima Said
206,Hazrat Yaqub ASA,Prophet Storys From The Quran,Short Story,2021-11-13 22:28:48.276084,yes,,,,0.0,Fatima Said
207,Tenses Made Easy,Efzal Anwar Mufti,Grammer Book,2021-11-13 22:29:52.776187,yes,,,,0.0,Fatima Said
208,Hazrat Ayub ASA ,Prophet Storys From The Quran;6,Short Story,2021-11-13 22:30:36.605880,yes,,,,0.0,Fatima Said
209,Bholol Dana,Syeda Abida,Short Story,2021-11-13 22:31:51.061988,yes,,,,0.0,Fatima Said
210,Flower Counting,Toppans Peewee Series,Short Picture Book,2021-11-13 22:32:53.785187,yes,,,,0.0,Fatima Said
211,Copy Color,Coloring Book,Coloring Book,2021-11-13 22:34:12.034319,yes,,,,0.0,Fatima Said
212,The Little Book Of Muslim Manners,Hobby Hub,Short Story,2021-11-13 22:35:38.408979,yes,,,,0.0,Fatima Said
213,National Geographic Magazine,National Geographic,Magazine,2021-11-13 22:36:25.975235,yes,,,,0.0,Fatima Said
214,Allys World Parties Predicaments Undercover,Karen Mcombie,Novel,2021-11-13 22:37:36.608933,yes,,,,0.0,Fatima Said
215,Unicorns And Narwhals Coloring Book,Coloring Book,Coloring Book,2021-11-13 22:39:01.862160,yes,,,,0.0,Fatima Said
216,My First Super Duper Coloring Book,Coloring Book,Coloring Book,2021-11-13 22:39:55.833748,yes,,,,0.0,Fatima Said
217,40 Giant Posters To Color,Coloring Book,Coloring Book,2021-11-13 22:40:30.947150,yes,,,,0.0,Fatima Said
218,What Do We Say?,Noorah Kathryn Abdullah,Islamic Manners,2021-11-13 22:41:30.200623,yes,,,,0.0,Fatima Said
219,Jojo Siwa,Jojo Siwa,Activity Book,2021-11-13 22:42:06.310849,yes,,,,0.0,Fatima Said
220,Jojo Siwa,Jojo Siwa,Activity Book,2021-11-13 22:42:35.578804,yes,,,,0.0,Fatima Said
221,Fun With English,Mind To Mind,Activity Book,2021-11-13 22:43:16.324169,yes,,,,0.0,Fatima Said
222,Fruits And Vegtables,Kitabistan,Information Book,2021-11-13 22:44:43.297086,yes,,,,0.0,Fatima Said
223,The Sea Where I Swim,Gwen Pascoe,Short Story,2021-11-13 22:45:39.683898,yes,,,,0.0,Fatima Said
224,Thats Dangerous,Isbel Bissett,Short Story,2021-11-13 22:46:21.294942,yes,,,,0.0,Fatima Said
225,Theres A Monster Under My Bed,Lee Robinson,Short Story,2021-11-13 22:47:02.385945,yes,,,,0.0,Fatima Said
226,Saima Ki Lal Kitab,Mozammel Haque Neogi,Short Story,2021-11-13 22:48:11.047855,yes,,,,0.0,Fatima Said
227,Pakistan,Langi Meyal Publishes,Short Story,2021-11-19 21:11:15.236959,yes,,,,0.0,Fatima Said
228,Mughaloin Ki Azeem Sultanat,Langi Meyal Publishes,Short Story,2021-11-19 21:12:19.161376,yes,,,,0.0,Fatima Said
229,Meri Beli Ki Tasvire,Soeurm Kakada Seng Visal,Short Story,2021-11-19 21:14:54.040123,yes,,,,0.0,Fatima Said
230,Morgha Ur Ayiena,Revocatus Kundy,Short Story,2021-11-19 21:16:22.982274,yes,,,,0.0,Fatima Said
231,Ghongee Ne Raftar Barhai,Prashaanth Ramalingam,Short Story,2021-11-19 21:17:35.948869,yes,,,,0.0,Fatima Said
232,Ye Hai Bhoot,Chandan Yadav,Short Story,2021-11-19 21:18:11.492125,yes,,,,0.0,Fatima Said
233,Chota Bundar Ur Iyeck Machli,Ms. Nguon Sakal,Short Story,2021-11-19 21:19:20.461209,yes,,,,0.0,Fatima Said
234,Kotey Ke Andee,Chandan Yadav,Short Story,2021-11-19 21:19:57.275552,yes,,,,0.0,Fatima Said
235,Hapubur Ghabarh,Anuradha Sharma,Short Story,2021-11-19 21:20:52.347920,yes,,,,0.0,Fatima Said
236,Mughtalif Ya Iyeck Jyesssi,Ratna Kusuma Halim,Short Story,2021-11-19 21:21:49.888579,yes,,,,0.0,Fatima Said
237,Bache Ko Mut Jagao,Huynh Thi Kim Lien,Short Story,2021-11-19 21:23:09.072769,yes,,,,0.0,Fatima Said
238,Kon Badsha Bana Chata Hai?,Vu Thi Thuy Dung,Short Story,2021-11-19 21:23:48.266310,yes,,,,0.0,Fatima Said
239,Lo Jee Tum Pakre Gaye,Manohar Chamoli,Short Story,2021-11-19 21:24:30.856304,yes,,,,0.0,Fatima Said
240,Barbie,Moonglow books,Coloring Book,2021-11-19 21:25:25.283344,yes,,,,0.0,Fatima Said
241,Rang Laye Ga Shahedoin Ka Laho,"The Taleem-o-tarbiat,lahore",Short Story,2021-11-19 21:27:23.392179,yes,,,,0.0,Fatima Said
242,Chacha Teyez Gam Ne Bachoin Ko Eidi Di,"The Taleem-o-tarbiat,lahore",Short Story,2021-11-19 21:28:18.227822,yes,,,,0.0,Fatima Said
243,Alam Ki Shamah Se Ho Mujh Ko Muhabat Ya Rab!,"The Taleem-o-tarbiat,lahore",Short Story,2021-11-19 21:29:11.735137,yes,,,,0.0,Fatima Said
244,Agar Sub Batiyan Gul Ho Gayein,Avan Fathurrahman,Short Story,2021-11-19 21:30:27.263904,yes,,,,0.0,Fatima Said
245,Ino Ki Murghi,Huda Al Shaer,Short Story,2021-11-19 21:31:11.654727,yes,,,,0.0,Fatima Said
246,Rang,Priyanka Goswami,Short Story,2021-11-19 21:31:46.925510,yes,,,,0.0,Fatima Said
247,Maria Ki Nayi Dost,Nila Tanzil,Short Story,2021-11-19 21:32:36.295526,yes,,,,0.0,Fatima Said
248,Khas Ghonsla,Kavita Singh,Short Story,2021-11-19 21:33:05.652615,yes,,,,0.0,Fatima Said
249,Poster,Idara-e-taleem-o-aagahi,Short Story,2021-11-19 21:34:00.780471,yes,,,,0.0,Fatima Said
250,Poster,Idara-e-taleem-o-aagahi,Short Story,2021-11-19 21:34:19.016675,yes,,,,0.0,Fatima Said
251,Chupan Chupia,Pham Quang Phuc,Short Story,2021-11-19 21:36:43.725913,yes,,,,0.0,Fatima Said
252,Amber Or Kashif Ka Kheyal,Anuradha,Short Story,2021-11-19 21:37:25.421140,yes,,,,0.0,Fatima Said
253,Hamda Radist,Saht Musrat,Short Story,2021-11-19 21:38:35.175801,yes,,,,0.0,Fatima Said
254,Allah Created The Universe,Timeless Quran Stories,Short Story,2021-11-19 21:39:36.978325,yes,,,,0.0,Fatima Said
255,Whats Up In The Attick?,Liza Alexander,Sesame Street Eng Book,2021-11-19 21:40:24.097442,yes,,,,0.0,Fatima Said
256,Open Season Joke Book,Funtastic,Joke Book,2021-11-19 21:40:56.282640,yes,,,,0.0,Fatima Said
257,Trivia Cards,Brain Quest,Trivia Cards,2021-11-19 21:41:23.944473,yes,,,,0.0,Fatima Said
258,Horton Hears A Who!,Dr. Seuss,Short Story,2021-11-19 21:44:22.003862,yes,,,,0.0,Yasmeen Omar
259,In The Jungle,Mjf Media,Early Reader,2021-11-19 21:45:04.549077,yes,,,,0.0,Yasmeen Omar
260,Preschool Reading,Crearive Teaching Press,Workbook,2021-11-19 21:45:53.136539,yes,,,,0.0,Yasmeen Omar
261,Grammer Skills,Learners,Workbook,2021-11-19 21:46:19.101083,yes,,,,0.0,Yasmeen Omar
262,Pre-k Workbook,Scholastic Success,Workbook,2021-11-19 21:46:54.978860,yes,,,,0.0,Yasmeen Omar
263,My Art Cart,Jahangir Group Publications,Art Book,2021-11-19 21:47:43.561399,yes,,,,0.0,Yasmeen Omar
264,"Sizes, Shapes And Numbers",Merrigold Press,Learning Book,2021-11-19 22:12:26.425763,yes,,,,0.0,Yasmeen Omar
265,Karowani Urdu,Prof.ali Akbar,Short Story,2021-11-19 22:13:30.422686,yes,,,,0.0,Yasmeen Omar
266,Urdu Khush Khati,Fozia Ahsan Farooqi,Urdu Handwriting Book,2021-11-19 22:14:29.563493,yes,,,,0.0,Yasmeen Omar
267,Pooh,Noor Publications,Coloring Book,2021-11-19 22:15:12.152014,yes,,,,0.0,Yasmeen Omar
268,Mickey Mouse,Noor Publications,Coloring Book,2021-11-19 22:15:46.681590,yes,,,,0.0,Yasmeen Omar
269,Spider Man,Taimoor Brothers,Coloring Book,2021-11-19 22:16:23.742377,yes,,,,0.0,Yasmeen Omar
270,The Smurfs,I.M.P.S.,Coloring Book,2021-11-19 22:17:03.277505,yes,,,,0.0,Yasmeen Omar
271,Basic Writing Skills,Book Center,Handwriting Book,2021-11-19 22:17:37.177978,yes,,,,0.0,Yasmeen Omar
272,Sofia The First,Mighty Mind Publications,Coloring Book,2021-11-19 22:18:17.243841,yes,,,,0.0,Yasmeen Omar
273,Frozen,Noor Publications,Coloring Book,2021-11-19 22:18:43.998071,yes,,,,0.0,Yasmeen Omar
274,Math Student Text Book,Kids Kampus,Workbook,2021-11-19 22:19:52.452437,yes,,,,0.0,Yasmeen Omar
275,The Beautiful Pattern,Enid Blyton,Short Story,2021-11-19 22:20:45.766796,yes,,,,0.0,Yasmeen Omar
276,Shoo Fly,Janie Scott,Short Story,2021-11-19 22:21:10.155540,yes,,,,0.0,Yasmeen Omar
277,The Cat In The Hat,Dr. Seuss,Short Story,2021-11-19 22:21:43.395444,yes,,,,0.0,Yasmeen Omar
278,Tariqs Suprise,Nandini Nayar,Short Story,2021-11-19 22:22:20.398940,yes,,,,0.0,Yasmeen Omar
279,Value Education For Children,Mrs Yasmin S Farooki,English Reading Book,2021-11-19 22:23:12.025559,yes,,,,0.0,Yasmeen Omar
280,Times Vocabulary Builders,Linda Hughes,Short Story,2021-11-19 22:24:00.081343,yes,,,,0.0,Yasmeen Omar
281,The Solar System,Lisciani,Scientific Book,2021-11-19 22:24:42.103003,yes,,,,0.0,Yasmeen Omar
282,Haider 5 Days Of Glory,Amjad Islam Amjad & Gauher Aftab,Comic,2021-11-19 22:25:53.783476,yes,,,,0.0,Yasmeen Omar
283,Word For Word,Times,Short Story,2021-11-19 22:26:21.801163,yes,,,,0.0,Yasmeen Omar
284,Sketch Book,Rizui,Sketch Book,2021-11-21 11:33:52.158548,yes,,,,0.0,Yasmeen Omar
285,Funny Bunnies,Jane Gerver,Short Story,2021-11-21 11:34:48.674273,yes,,,,0.0,Yasmeen Omar
286,Opposites,David A.carter,Pop Up Book,2021-11-21 11:36:17.005741,yes,,,,0.0,Yasmeen Omar
287,Oh Brother!,Luke David,Short Story,2021-11-21 11:36:49.423254,yes,,,,0.0,Yasmeen Omar
288,"Cars, Trucks, Planes And Trains",L. Rindone,Early Reading Book,2021-11-21 11:38:33.371569,yes,,,,0.0,Yasmeen Omar
289,Zainab The Princess,Mahvesh Khan,Short Story,2021-11-21 11:39:24.263469,yes,,,,0.0,Yasmeen Omar
290,Stargazer,Spotlight Interactive,Childrens Astronomy,2021-11-21 11:41:24.863798,yes,,,,0.0,Yasmeen Omar
291,The Very Funny Farm,Jack Tickle,Pop Up Book,2021-11-21 11:42:13.821394,yes,,,,0.0,Yasmeen Omar
292,Cliffords Schoolhouse,Norman Bridwell,Learning Book,2021-11-21 11:43:41.491876,yes,,,,0.0,Yasmeen Omar
293,The Very Smiley Snowman,Jack Tickle,Pop Up Book,2021-11-21 11:44:10.207542,yes,,,,0.0,Yasmeen Omar
294,In The Wild,Spotlight Interactive,Geography Book For Kids,2021-11-21 11:45:14.042376,yes,,,,0.0,Yasmeen Omar
295,Learn About Moving Around,Early World Of Reading,Short Story,2021-11-21 11:46:17.184838,yes,,,,0.0,Yasmeen Omar
296,The Biggest Birthday Cake In The World,Elizabeth Spurr,Short Story,2021-11-21 11:47:09.748810,yes,,,,0.0,Yasmeen Omar
297,Choo-Choo!,Igloo,Short Story,2021-11-21 11:47:52.947276,yes,,,,0.0,Yasmeen Omar
298,Poohs Great Big Lift-the-flap Book,Dennis shealy ,Short Story,2021-11-21 11:49:14.426827,yes,,,,0.0,Yasmeen Omar
299,Kala Bhoot,Bookgroup,Short Story,2021-11-21 11:49:57.176195,yes,,,,0.0,Yasmeen Omar
300,Teyein Bahadar Larke,Dadi Amma,Short Story,2021-11-21 11:50:55.725866,yes,,,,0.0,Yasmeen Omar
301,Namak Ki Mathas,Oxford,Short Story,2021-11-21 11:52:33.274824,yes,,,,0.0,Yasmeen Omar
302,Lalachi Raja,Dadi Amma,Short Story,2021-11-21 11:52:55.898341,yes,,,,0.0,Yasmeen Omar
303,Meiray Dost,Bookgroup,Short Story,2021-11-21 11:53:23.124072,yes,,,,0.0,Yasmeen Omar
304,Lohey Ke Ghorey,Bookgroup,Short Story,2021-11-21 11:54:14.580003,yes,,,,0.0,Yasmeen Omar
305,Jungle Book,Childrens Book Fair,Short Story,2021-11-21 11:54:49.000041,yes,,,,0.0,Yasmeen Omar
306,Hassan Ki Gali,Domana Hussain,Short Story,2021-11-21 11:55:39.389856,yes,,,,0.0,Yasmeen Omar
307,Dalarey Maya Ka Dalar,Omrah Alam,Short Story,2021-11-21 11:56:24.537762,yes,,,,0.0,Yasmeen Omar
308,Chalaki Ka Anjam,Feydo Sanaz,Short Story,2021-11-21 11:57:26.336103,yes,,,,0.0,Yasmeen Omar
309,Aladdin Ur Jado Ka Charakh,Payar Payar Khaniaya,Short Story,2021-11-21 11:58:18.347656,yes,,,,0.0,Yasmeen Omar
310,Bewaqoof Choa Or Hathi,Childrens Publications,Short Story,2021-11-21 11:59:01.838795,yes,,,,0.0,Yasmeen Omar
311,Scardy Cats,Audrey Wood,Short Story,2021-11-21 11:59:26.627646,yes,,,,0.0,Yasmeen Omar
312,Lal Bhbkur ,Syed Lakhat,Short Story,2021-11-21 12:01:06.400087,yes,,,,0.0,Yasmeen Omar
313,The Quest,Roderick And Alex Brychta,Short Story,2021-11-21 12:01:53.974058,yes,,,,0.0,Yasmeen Omar
314,Scholastic Success With Pre-K,Scholastic Success,Workbook,2021-11-21 12:08:04.262347,yes,,,,0.0,Yasmeen Omar
315,Children's Arts And Crafts,The Australian Womem's Weekly,Art And Crafts,2021-11-21 12:09:24.800403,yes,,,,0.0,Yasmeen Omar
316,H.B Notebook,Hashim Brothers Book Depot,Notebook,2021-11-21 12:10:23.038066,yes,,,,0.0,Yasmeen Omar
317,Printing Dry Erase Practice,Leap Frog,Workbook,2021-11-21 12:11:17.683002,yes,,,,0.0,Yasmeen Omar
318,Phonics Workbook,Unknown,Workbook,2021-11-21 12:12:53.421203,yes,,,,0.0,Yasmeen Omar
319,Urdu Workbook,Kids Kampus,Workbook,2021-11-21 12:13:44.702396,yes,,,,0.0,Yasmeen Omar
320,Urdu Workbook,Kids Kampus,Workbook,2021-11-21 12:13:58.518204,yes,,,,0.0,Yasmeen Omar
321,Urdu Workbook,Kids Kampus,Workbook,2021-11-21 12:14:21.160083,yes,,,,0.0,Yasmeen Omar
322,My English Practice Book,Kids Kampus,Workbook,2021-11-21 12:14:52.760744,yes,,,,0.0,Yasmeen Omar
323,Math Practice Master Workbook,Kids Kampus,Workbook,2021-11-21 12:15:32.624661,yes,,,,0.0,Yasmeen Omar
324,My English Practice Book,Kids Kampus,Workbook,2021-11-21 12:16:01.528519,yes,,,,0.0,Yasmeen Omar
325,My Numbers Book,Kids Kampus,Workbook,2021-11-21 12:16:26.088407,yes,,,,0.0,Yasmeen Omar
326,My Numbers Book,Kids Kampus,Workbook,2021-11-21 12:16:38.396116,yes,,,,0.0,Yasmeen Omar
327,Ben 10,Impact Books,Coloring Book,2021-11-21 12:17:27.894668,yes,,,,0.0,Yasmeen Omar
328,My English Practice Book,Kids Kampus,Workbook,2021-11-21 12:17:43.462618,yes,,,,0.0,Yasmeen Omar
329,My English Practice Book,Kids Kampus,Workbook,2021-11-21 12:18:04.804257,yes,,,,0.0,Yasmeen Omar
330,My English Practice Book,Kids Kampus,Workbook,2021-11-21 12:18:15.224569,yes,,,,0.0,Yasmeen Omar
331,My Numbers Book,Kids Kampus,Workbook,2021-11-21 12:18:49.963996,yes,,,,0.0,Yasmeen Omar
332,My Numbers Book,Kids Kampus,Workbook,2021-11-21 12:19:04.774977,yes,,,,0.0,Yasmeen Omar
333,My English Practice Book,Kids Kampus,Workbook,2021-11-21 12:19:27.581380,yes,,,,0.0,Yasmeen Omar
334,My English Practice Book,Kids Kampus,Workbook,2021-11-21 12:19:42.418684,yes,,,,0.0,Yasmeen Omar
335,Urdu Workbook,Kids Kampus,Workbook,2021-11-21 12:19:59.760654,yes,,,,0.0,Yasmeen Omar
336,Urdu Workbook,Kids Kampus,Workbook,2021-11-21 12:20:15.564055,yes,,,,0.0,Yasmeen Omar
337,Learn To Write 123 Number Exercise,Rajal Note Book,Workbook,2021-11-21 12:21:00.665657,yes,,,,0.0,Yasmeen Omar
338,Birds,Farina Amjad,Coloring Book,2021-11-21 12:21:29.037895,yes,,,,0.0,Yasmeen Omar
339,The Batman,Unknown,Coloring Book,2021-11-21 12:22:10.420032,yes,,,,0.0,Yasmeen Omar
340,Kids Kampus Subject Copy,Kids Kampus,Notebook,2021-11-21 12:22:52.485588,yes,,,,0.0,Yasmeen Omar
341,Kids Kampus Subject Copy,Kids Kampus,Notebook,2021-11-21 12:23:03.150511,yes,,,,0.0,Yasmeen Omar
342,International Kindergarten Of Lahore,International Kidergarten Of Lahore,Notebook,2021-11-21 12:24:06.518518,yes,,,,0.0,Yasmeen Omar
343,Kids Kampus Subject Copy,Kids Kampus,Notebook,2021-11-21 12:24:26.552063,yes,,,,0.0,Yasmeen Omar
344,Urdu Workbook,Kids Kampus,Workbook,2021-11-21 12:24:48.996596,yes,,,,0.0,Yasmeen Omar
345,Urdu Workbook,Kids Kampus,Workbook,2021-11-21 12:24:58.232052,yes,,,,0.0,Yasmeen Omar
346,Readng Practice Book,Kids Kampus,Workbook,2021-11-21 12:25:22.799891,yes,,,,0.0,Yasmeen Omar
347,Urdu Workbook,Kids Kampus,Workbook,2021-11-21 12:25:46.010679,yes,,,,0.0,Yasmeen Omar
348,Welcome Ramadan,Ilm Seeker,Workbook,2021-11-21 12:26:50.421841,yes,,,,0.0,Yasmeen Omar
349,Secret Garden Coloring Book,Miniso,Coloring Book,2021-11-21 12:28:14.603920,yes,,,,0.0,Yasmeen Omar
350,Kids Kampus ZAR,Kids Kampus,Yearbook,2021-11-21 12:28:55.563343,yes,,,,0.0,Yasmeen Omar
351,Bolta Paan Hunstee Chaliya Aur Dousry Kahaniyan,Amina Mumtaz,Short Stories,2021-11-21 12:30:20.460185,yes,,,,0.0,Yasmeen Omar
352,Mitee Kay Khilonay,Saira Karim,Short Story,2021-11-21 12:31:57.727777,yes,,,,0.0,Yasmeen Omar
353,Bhairiay Ki Shamat,Hajiani Sabatoanah Maroi,Short Stories,2021-11-21 12:33:31.386832,yes,,,,0.0,Yasmeen Omar
354,Agar Nigar Ki Nanhi Nazmain,Zar Mumtaz,Poetry,2021-11-21 12:34:59.987466,yes,,,,0.0,Yasmeen Omar
355,Chirya Ghar Main Bhanjay Bhuteejay,Romana Hussain,Short Story,2021-11-21 12:36:57.569687,yes,,,,0.0,Yasmeen Omar
356,Sehera Ka Safar,Adil Husain,Short Story,2021-11-21 12:38:16.689391,yes,,,,0.0,Yasmeen Omar
357,Lohey Ke Ghorey,Bookgroup,Short Story,2021-11-21 12:38:52.695942,yes,,,,0.0,Yasmeen Omar
358,Bharosa Mut Karo,Sana Publication Karachi,Short Story,2021-11-21 12:39:53.242687,yes,,,,0.0,Yasmeen Omar
359,Omlette,Aamir Aalim,Short Story,2021-11-21 12:45:56.577351,yes,,,,0.0,Yasmeen Omar
360,Shanal Kar Muzi,Zehra Hasar Puror,Short Story,2021-11-21 12:49:28.908895,yes,,,,0.0,Yasmeen Omar
361,Chocolate Factory,Bookgroup,Short Story,2021-11-21 12:49:57.149825,yes,,,,0.0,Yasmeen Omar
362,Mister George,Bookgroup,Short Story,2021-11-21 12:50:54.076685,yes,,,,0.0,Yasmeen Omar
363,Aont Ray Aont,Bookgroup,Short Story,2021-11-21 12:52:19.366564,yes,,,,0.0,Yasmeen Omar
364,A Windy Day,Kate Perry,Short Story,2021-11-21 12:53:02.582817,no,Dua,2022-01-03 00:00:00.000000,2022-01-13 00:00:00.000000,0.0,Yasmeen Omar
365,The Big Cat,Nora Voutas,Early Reading Book,2021-11-21 12:53:40.646513,yes,,,,0.0,Yasmeen Omar
366,How To Draw Animals,Miles Kelly,Art Book,2021-11-21 12:54:31.500291,yes,,,,0.0,Yasmeen Omar
